demo_apn,demo_address,neighbor_handle,distance_ft,SITEADDR,ZIP,NUMBLDGS,NUMUNITS,LANDUSE1,VACANTLAND,ASMTIMPROV,LANDUSE_DESC,exclusion_reason,review_flag,near_demo_sites
35419130000,2104 Harris Avenue,14421000010,60.0,1955 ADELAIDE AV,63147,0,0,5000,N,0,"Commercial/retail, general",NUMBLDGS = 0 (assessor records no buildings on this parcel),CHECK: not flagged vacant and/or improvement value > 0,2104 Harris Avenue
35419130000,2104 Harris Avenue,13541000220,231.8,2131 FAIR AV,63107,0,0,1010,N,0,Code 1010 (not in dictionary),NUMBLDGS = 0 (assessor records no buildings on this parcel),CHECK: not flagged vacant and/or improvement value > 0,2104 Harris Avenue
35419130000,2104 Harris Avenue,13539000220,415.0,2037 ADELAIDE AV,63107,0,0,1010,N,0,Code 1010 (not in dictionary),NUMBLDGS = 0 (assessor records no buildings on this parcel),CHECK: not flagged vacant and/or improvement value > 0,2104 Harris Avenue
36039020000,4236 Sacramento Avenue,13608000125,89.9,4255 NATURAL BRIDGE AV,63115,0,0,5000,N,100,"Commercial/retail, general",NUMBLDGS = 0 (assessor records no buildings on this parcel),CHECK: not flagged vacant and/or improvement value > 0,4236 Sacramento Avenue
36039020000,4236 Sacramento Avenue,13608000140,205.4,4265 NATURAL BRIDGE AV,63115,0,0,5000,N,600,"Commercial/retail, general",NUMBLDGS = 0 (assessor records no buildings on this parcel),CHECK: not flagged vacant and/or improvement value > 0,4236 Sacramento Avenue
36039020000,4236 Sacramento Avenue,13608000147,305.4,4279 NATURAL BRIDGE AV,63115,0,0,5000,N,1000,"Commercial/retail, general",NUMBLDGS = 0 (assessor records no buildings on this parcel),CHECK: not flagged vacant and/or improvement value > 0,4236 Sacramento Avenue
36039020000,4236 Sacramento Avenue,14441098181,405.8,4225-7 LEXINGTON AV,63115,0,0,1114,N,7710,Code 1114 (not in dictionary),NUMBLDGS = 0 (assessor records no buildings on this parcel),CHECK: not flagged vacant and/or improvement value > 0,4236 Sacramento Avenue
36039020000,4236 Sacramento Avenue,14441090070,411.6,3625-7 HARRIS AV,63115,0,0,1010,N,0,Code 1010 (not in dictionary),NUMBLDGS = 0 (assessor records no buildings on this parcel),CHECK: not flagged vacant and/or improvement value > 0,4236 Sacramento Avenue
36039020000,4236 Sacramento Avenue,14441090270,417.6,4253 LEXINGTON AV,63115,0,0,1110,Y,840,Single-family residence,NUMBLDGS = 0 (assessor records no buildings on this parcel),CHECK: not flagged vacant and/or improvement value > 0,4236 Sacramento Avenue
36039020000,4236 Sacramento Avenue,14441100060,417.7,4280-8 NATURAL BRIDGE AV,63115,0,0,6994,N,0,Code 6994 (not in dictionary),NUMBLDGS = 0 (assessor records no buildings on this parcel),CHECK: not flagged vacant and/or improvement value > 0,4236 Sacramento Avenue
36039020000,4236 Sacramento Avenue,14441100050,496.8,4290 NATURAL BRIDGE AV,63115,0,0,5000,N,0,"Commercial/retail, general",NUMBLDGS = 0 (assessor records no buildings on this parcel),CHECK: not flagged vacant and/or improvement value > 0,4236 Sacramento Avenue
36189050000,4458 Elmbank Avenue,14469050420,360.7,4451 LABADIE AV,63115,0,0,1010,N,0,Code 1010 (not in dictionary),NUMBLDGS = 0 (assessor records no buildings on this parcel),CHECK: not flagged vacant and/or improvement value > 0,4458 Elmbank Avenue
36189050000,4458 Elmbank Avenue,14469050400,371.2,4447 LABADIE AV,63115,0,0,1010,N,0,Code 1010 (not in dictionary),NUMBLDGS = 0 (assessor records no buildings on this parcel),CHECK: not flagged vacant and/or improvement value > 0,3010 N Newstead Avenue; 4458 Elmbank Avenue
36189050000,4458 Elmbank Avenue,14462050350,373.8,3207 N TAYLOR AV,63115,0,0,1110,Y,2210,Single-family residence,NUMBLDGS = 0 (assessor records no buildings on this parcel),CHECK: not flagged vacant and/or improvement value > 0,4458 Elmbank Avenue; 4461 Elmbank Avenue; 4528 Ashland Avenue; 4541 Ashland Avenue
36189050000,4458 Elmbank Avenue,14463000150,384.0,4422 ASHLAND AV,63115,0,0,1120,Y,1050,Two-family (duplex/flat),NUMBLDGS = 0 (assessor records no buildings on this parcel),CHECK: not flagged vacant and/or improvement value > 0,4458 Elmbank Avenue; 4461 Elmbank Avenue
36189050000,4458 Elmbank Avenue,14469050370,399.1,4435 LABADIE AV,63115,0,0,1010,N,0,Code 1010 (not in dictionary),NUMBLDGS = 0 (assessor records no buildings on this parcel),CHECK: not flagged vacant and/or improvement value > 0,3010 N Newstead Avenue; 4458 Elmbank Avenue
36189050000,4458 Elmbank Avenue,13618000210,445.2,3121 N NEWSTEAD AV,63115,0,0,6800,N,700,School / educational,NUMBLDGS = 0 (assessor records no buildings on this parcel),CHECK: not flagged vacant and/or improvement value > 0,3010 N Newstead Avenue; 4458 Elmbank Avenue; 4461 Elmbank Avenue
36189050000,4458 Elmbank Avenue,14469050340,461.7,4427 LABADIE AV,63115,0,0,1010,N,0,Code 1010 (not in dictionary),NUMBLDGS = 0 (assessor records no buildings on this parcel),CHECK: not flagged vacant and/or improvement value > 0,3010 N Newstead Avenue; 4458 Elmbank Avenue
36199060000,3010 N Newstead Avenue,13619000580,101.5,3025 VINE GROVE AV,63115,0,0,1010,N,0,Code 1010 (not in dictionary),NUMBLDGS = 0 (assessor records no buildings on this parcel),CHECK: not flagged vacant and/or improvement value > 0,3010 N Newstead Avenue; 4327 Labadie Avenue
36199060000,3010 N Newstead Avenue,13619000130,179.4,3032 N NEWSTEAD AV,63115,0,0,1110,Y,560,Single-family residence,NUMBLDGS = 0 (assessor records no buildings on this parcel),CHECK: not flagged vacant and/or improvement value > 0,3010 N Newstead Avenue; 4327 Labadie Avenue
36199060000,3010 N Newstead Avenue,13620000040,250.4,3008 VINE GROVE AV,63115,0,0,1010,N,0,Code 1010 (not in dictionary),NUMBLDGS = 0 (assessor records no buildings on this parcel),CHECK: not flagged vacant and/or improvement value > 0,3010 N Newstead Avenue; 4327 Labadie Avenue
36199060000,3010 N Newstead Avenue,14468060770,347.2,4375 ST LOUIS AV,63115,0,0,5000,N,0,"Commercial/retail, general",NUMBLDGS = 0 (assessor records no buildings on this parcel),CHECK: not flagged vacant and/or improvement value > 0,3010 N Newstead Avenue; 4327 Labadie Avenue
36199060000,3010 N Newstead Avenue,14469060180,348.3,4401-7 ST LOUIS AV,63115,0,0,5000,N,800,"Commercial/retail, general",NUMBLDGS = 0 (assessor records no buildings on this parcel),CHECK: not flagged vacant and/or improvement value > 0,3010 N Newstead Avenue
36199060000,3010 N Newstead Avenue,14468060810,378.6,2908 N NEWSTEAD AV,63115,0,0,5000,N,0,"Commercial/retail, general",NUMBLDGS = 0 (assessor records no buildings on this parcel),CHECK: not flagged vacant and/or improvement value > 0,3010 N Newstead Avenue; 4327 Labadie Avenue
36209520000,4327 Labadie Avenue,13620000400,354.1,3105 CLARENCE AV,63115,0,0,1010,N,0,Code 1010 (not in dictionary),NUMBLDGS = 0 (assessor records no buildings on this parcel),CHECK: not flagged vacant and/or improvement value > 0,4327 Labadie Avenue
36209520000,4327 Labadie Avenue,13691000190,476.0,4320 ST LOUIS AV,63115,0,0,6800,N,0,School / educational,NUMBLDGS = 0 (assessor records no buildings on this parcel),CHECK: not flagged vacant and/or improvement value > 0,4327 Labadie Avenue
36209520000,4327 Labadie Avenue,14468140170,495.6,4233 W LABADIE AV,63115,0,0,1010,N,0,Code 1010 (not in dictionary),NUMBLDGS = 0 (assessor records no buildings on this parcel),CHECK: not flagged vacant and/or improvement value > 0,4327 Labadie Avenue
37039060000,4438 N Market Street,13702000360,342.2,4443 COTE BRILLIANTE AV,63113,0,0,1120,Y,870,Two-family (duplex/flat),NUMBLDGS = 0 (assessor records no buildings on this parcel),CHECK: not flagged vacant and/or improvement value > 0,4438 N Market Street
37039060000,4438 N Market Street,13696000410,436.1,4369-71 GARFIELD AV,63113,0,0,6800,N,0,School / educational,NUMBLDGS = 0 (assessor records no buildings on this parcel),CHECK: not flagged vacant and/or improvement value > 0,4438 N Market Street
37039060000,4438 N Market Street,13695000370,438.9,4367 NORTH MARKET ST,63113,0,0,6911,N,0,Church / religious,NUMBLDGS = 0 (assessor records no buildings on this parcel),CHECK: not flagged vacant and/or improvement value > 0,4438 N Market Street
37039060000,4438 N Market Street,13695000010,477.5,4366-8 ST FERDINAND AV,63113,0,0,9151,N,0,Code 9151 (not in dictionary),NUMBLDGS = 0 (assessor records no buildings on this parcel),CHECK: not flagged vacant and/or improvement value > 0,4438 N Market Street
37039060000,4438 N Market Street,13696000400,491.1,4365 GARFIELD AV,63113,0,0,6911,N,0,Church / religious,NUMBLDGS = 0 (assessor records no buildings on this parcel),CHECK: not flagged vacant and/or improvement value > 0,4438 N Market Street
37109085000,4651 Labadie Avenue,13710010220,112.0,4665 LABADIE AV,63115,0,0,6911,N,0,Church / religious,NUMBLDGS = 0 (assessor records no buildings on this parcel),CHECK: not flagged vacant and/or improvement value > 0,4615 Labadie Avenue; 4651 Labadie Avenue
37109085000,4651 Labadie Avenue,13710010230,140.0,4667 LABADIE AV,63115,0,0,6911,N,0,Church / religious,NUMBLDGS = 0 (assessor records no buildings on this parcel),CHECK: not flagged vacant and/or improvement value > 0,4651 Labadie Avenue
37109085000,4651 Labadie Avenue,13710010240,167.8,4673-87 LABADIE AV,63115,0,0,6911,N,0,Church / religious,NUMBLDGS = 0 (assessor records no buildings on this parcel),CHECK: not flagged vacant and/or improvement value > 0,4651 Labadie Avenue
37109085000,4651 Labadie Avenue,13710010010,208.0,4674-6 GREER AV,63115,0,0,6911,N,0,Church / religious,NUMBLDGS = 0 (assessor records no buildings on this parcel),CHECK: not flagged vacant and/or improvement value > 0,4651 Labadie Avenue
37109085000,4651 Labadie Avenue,13711010220,227.8,4657 ST LOUIS AV,63115,0,0,1110,Y,2250,Single-family residence,NUMBLDGS = 0 (assessor records no buildings on this parcel),CHECK: not flagged vacant and/or improvement value > 0,4615 Labadie Avenue; 4651 Labadie Avenue
37109085000,4651 Labadie Avenue,13711010230,230.7,4659 ST LOUIS AV,63115,0,0,1010,N,0,Code 1010 (not in dictionary),NUMBLDGS = 0 (assessor records no buildings on this parcel),CHECK: not flagged vacant and/or improvement value > 0,4615 Labadie Avenue; 4651 Labadie Avenue
37109085000,4651 Labadie Avenue,13710010260,252.5,3020 MARCUS AV,63115,0,0,6911,N,0,Church / religious,NUMBLDGS = 0 (assessor records no buildings on this parcel),CHECK: not flagged vacant and/or improvement value > 0,4651 Labadie Avenue
37109085000,4651 Labadie Avenue,13712000080,438.1,4652 ST LOUIS AV,63115,0,0,5000,N,0,"Commercial/retail, general",NUMBLDGS = 0 (assessor records no buildings on this parcel),CHECK: not flagged vacant and/or improvement value > 0,4651 Labadie Avenue
37109085000,4651 Labadie Avenue,13712000060,442.1,4656 ST LOUIS AV,63115,0,0,5000,N,0,"Commercial/retail, general",NUMBLDGS = 0 (assessor records no buildings on this parcel),CHECK: not flagged vacant and/or improvement value > 0,4651 Labadie Avenue
37109085000,4651 Labadie Avenue,13712000050,445.1,4658 ST LOUIS AV,63115,0,0,5000,N,0,"Commercial/retail, general",NUMBLDGS = 0 (assessor records no buildings on this parcel),CHECK: not flagged vacant and/or improvement value > 0,4651 Labadie Avenue
37109085000,4651 Labadie Avenue,13712000040,448.3,4660 ST LOUIS AV,63115,0,0,5000,N,0,"Commercial/retail, general",NUMBLDGS = 0 (assessor records no buildings on this parcel),CHECK: not flagged vacant and/or improvement value > 0,4651 Labadie Avenue
37109085000,4651 Labadie Avenue,13712000030,452.7,4664-6 ST LOUIS AV,63115,0,0,5000,N,0,"Commercial/retail, general",NUMBLDGS = 0 (assessor records no buildings on this parcel),CHECK: not flagged vacant and/or improvement value > 0,4651 Labadie Avenue
37109085000,4651 Labadie Avenue,13712000020,466.3,4668-70 ST LOUIS AV,63115,0,0,5000,N,0,"Commercial/retail, general",NUMBLDGS = 0 (assessor records no buildings on this parcel),CHECK: not flagged vacant and/or improvement value > 0,4651 Labadie Avenue
37109340000,4549 Labadie Avenue,13710020390,59.7,4557 LABADIE AV,63115,0,0,1010,N,890,Code 1010 (not in dictionary),NUMBLDGS = 0 (assessor records no buildings on this parcel),CHECK: not flagged vacant and/or improvement value > 0,4549 Labadie Avenue; 4615 Labadie Avenue
37149420000,4547 Maffitt Avenue,13715000360,275.7,4529 KENNERLY AV,63113,0,0,1110,Y,100,Single-family residence,NUMBLDGS = 0 (assessor records no buildings on this parcel),CHECK: not flagged vacant and/or improvement value > 0,4547 Maffitt Avenue; 4577 Cottage Avenue
37149420000,4547 Maffitt Avenue,13715000295,348.2,2719 N TAYLOR AV,63113,0,0,6913,N,6900,Religious-related building (?),NUMBLDGS = 0 (assessor records no buildings on this parcel),CHECK: not flagged vacant and/or improvement value > 0,4547 Maffitt Avenue
37149420000,4547 Maffitt Avenue,13716000200,464.1,4530 KENNERLY AV,63113,0,0,1120,Y,190,Two-family (duplex/flat),NUMBLDGS = 0 (assessor records no buildings on this parcel),CHECK: not flagged vacant and/or improvement value > 0,4547 Maffitt Avenue; 4565 Saint Ferdinand Avenue; 4577 Cottage Avenue
37169640000,4577 Cottage Avenue,14470000200,433.2,4625 COTTAGE AV,63113,0,0,5000,N,0,"Commercial/retail, general",NUMBLDGS = 0 (assessor records no buildings on this parcel),CHECK: not flagged vacant and/or improvement value > 0,4577 Cottage Avenue; 4615 Saint Ferdinand Avenue
37169640000,4577 Cottage Avenue,14471000150,435.8,2523-5 CORA AV,63113,0,0,1010,N,0,Code 1010 (not in dictionary),NUMBLDGS = 0 (assessor records no buildings on this parcel),CHECK: not flagged vacant and/or improvement value > 0,4577 Cottage Avenue; 4615 Saint Ferdinand Avenue; 4649 N Market Street
37179530000,4565 Saint Ferdinand Avenue,13718000570,196.0,4563 NORTH MARKET ST,63113,0,0,1010,N,0,Code 1010 (not in dictionary),NUMBLDGS = 0 (assessor records no buildings on this parcel),CHECK: not flagged vacant and/or improvement value > 0,4565 Saint Ferdinand Avenue; 4615 Saint Ferdinand Avenue
37179530000,4565 Saint Ferdinand Avenue,13718000700,412.2,4607 NORTH MARKET ST,63113,0,0,1010,N,0,Code 1010 (not in dictionary),NUMBLDGS = 0 (assessor records no buildings on this parcel),CHECK: not flagged vacant and/or improvement value > 0,1825 Cora Avenue; 4565 Saint Ferdinand Avenue; 4615 Saint Ferdinand Avenue; 4649 N Market Street
37179530000,4565 Saint Ferdinand Avenue,13718000010,467.3,4616 ST FERDINAND AV,63113,0,0,1010,Y,1760,Code 1010 (not in dictionary),NUMBLDGS = 0 (assessor records no buildings on this parcel),CHECK: not flagged vacant and/or improvement value > 0,1825 Cora Avenue; 4565 Saint Ferdinand Avenue; 4615 Saint Ferdinand Avenue; 4649 N Market Street
37179530000,4565 Saint Ferdinand Avenue,13717000345,477.0,2503-5 N TAYLOR AV,63113,0,0,5410,N,0,Code 5410 (not in dictionary),NUMBLDGS = 0 (assessor records no buildings on this parcel),CHECK: not flagged vacant and/or improvement value > 0,4565 Saint Ferdinand Avenue
37179530000,4565 Saint Ferdinand Avenue,13717000320,486.3,2525-7 N TAYLOR AV,63113,0,0,6800,Y,1300,School / educational,NUMBLDGS = 0 (assessor records no buildings on this parcel),CHECK: not flagged vacant and/or improvement value > 0,4565 Saint Ferdinand Avenue
37179680000,4615 Saint Ferdinand Avenue,14471000250,320.1,4653 ST FERDINAND AV,63113,0,0,1120,Y,190,Two-family (duplex/flat),NUMBLDGS = 0 (assessor records no buildings on this parcel),CHECK: not flagged vacant and/or improvement value > 0,4615 Saint Ferdinand Avenue; 4649 N Market Street
37179680000,4615 Saint Ferdinand Avenue,14471000270,353.1,4657 ST FERDINAND AV,63113,0,0,1120,Y,910,Two-family (duplex/flat),NUMBLDGS = 0 (assessor records no buildings on this parcel),CHECK: not flagged vacant and/or improvement value > 0,4615 Saint Ferdinand Avenue; 4649 N Market Street
37179680000,4615 Saint Ferdinand Avenue,14470000310,439.6,4659 COTTAGE AV,63113,0,0,1110,Y,2850,Single-family residence,NUMBLDGS = 0 (assessor records no buildings on this parcel),CHECK: not flagged vacant and/or improvement value > 0,4615 Saint Ferdinand Avenue
37179680000,4615 Saint Ferdinand Avenue,14471000330,443.2,2526-8 MARCUS AV,63113,0,0,5920,N,0,Code 5920 (not in dictionary),NUMBLDGS = 0 (assessor records no buildings on this parcel),CHECK: not flagged vacant and/or improvement value > 0,4615 Saint Ferdinand Avenue; 4649 N Market Street
37629140000,912 Bayard Avenue,13763050200,126.6,900 N EUCLID AV,63108,0,0,5000,Y,500,"Commercial/retail, general",NUMBLDGS = 0 (assessor records no buildings on this parcel),CHECK: not flagged vacant and/or improvement value > 0,912 Bayard Avenue
37629140000,912 Bayard Avenue,13762050530,190.3,923 WALTON AV,63108,0,0,5000,N,2600,"Commercial/retail, general",NUMBLDGS = 0 (assessor records no buildings on this parcel),CHECK: not flagged vacant and/or improvement value > 0,912 Bayard Avenue
37629140000,912 Bayard Avenue,13766000010,253.1,1100 AUBERT AV,63113,0,0,5000,Y,2300,"Commercial/retail, general",NUMBLDGS = 0 (assessor records no buildings on this parcel),CHECK: not flagged vacant and/or improvement value > 0,912 Bayard Avenue
37629140000,912 Bayard Avenue,13763050190,291.9,794-6 N EUCLID AV,63108,0,0,5000,N,0,"Commercial/retail, general",NUMBLDGS = 0 (assessor records no buildings on this parcel),CHECK: not flagged vacant and/or improvement value > 0,912 Bayard Avenue
37629140000,912 Bayard Avenue,13763050160,391.0,780-2 N EUCLID AV,63108,0,0,5000,N,0,"Commercial/retail, general",NUMBLDGS = 0 (assessor records no buildings on this parcel),CHECK: not flagged vacant and/or improvement value > 0,912 Bayard Avenue
37629140000,912 Bayard Avenue,13762058740,429.6,759-81 WALTON AV,63108,0,0,1115,N,33200,Code 1115 (not in dictionary),NUMBLDGS = 0 (assessor records no buildings on this parcel),CHECK: not flagged vacant and/or improvement value > 0,912 Bayard Avenue
37629140000,912 Bayard Avenue,13771000600,481.6,1115-21 WALTON AV,63113,0,0,5000,N,1400,"Commercial/retail, general",NUMBLDGS = 0 (assessor records no buildings on this parcel),CHECK: not flagged vacant and/or improvement value > 0,1151 Walton Avenue; 912 Bayard Avenue
37689050000,4926 Page Boulevard,13768030180,184.3,4900-4 PAGE BLVD,63113,0,0,5000,N,0,"Commercial/retail, general",NUMBLDGS = 0 (assessor records no buildings on this parcel),CHECK: not flagged vacant and/or improvement value > 0,1336 N Euclid Avenue; 4926 Page Boulevard
37689050000,4926 Page Boulevard,13787000110,345.5,4963 PAGE BLVD,63113,0,0,5000,N,200,"Commercial/retail, general",NUMBLDGS = 0 (assessor records no buildings on this parcel),CHECK: not flagged vacant and/or improvement value > 0,4926 Page Boulevard
37689050000,4926 Page Boulevard,13785000385,347.6,4871-9 PAGE BLVD,63113,0,0,5000,N,0,"Commercial/retail, general",NUMBLDGS = 0 (assessor records no buildings on this parcel),CHECK: not flagged vacant and/or improvement value > 0,1336 N Euclid Avenue; 4926 Page Boulevard
37689050000,4926 Page Boulevard,13787000120,352.2,4965 PAGE BLVD,63113,0,0,5000,N,900,"Commercial/retail, general",NUMBLDGS = 0 (assessor records no buildings on this parcel),CHECK: not flagged vacant and/or improvement value > 0,4926 Page Boulevard
37689050000,4926 Page Boulevard,13787000140,380.1,1310 N KINGSHIGHWAY BLVD,63113,0,0,5000,Y,4900,"Commercial/retail, general",NUMBLDGS = 0 (assessor records no buildings on this parcel),CHECK: not flagged vacant and/or improvement value > 0,4926 Page Boulevard
37689050000,4926 Page Boulevard,13770000140,392.8,1238 N EUCLID AV,63113,0,0,1120,Y,3960,Two-family (duplex/flat),NUMBLDGS = 0 (assessor records no buildings on this parcel),CHECK: not flagged vacant and/or improvement value > 0,1219 Bayard Avenue; 4926 Page Boulevard
37689050000,4926 Page Boulevard,13770000125,428.9,1230 N EUCLID AV,63113,0,0,1120,Y,4390,Two-family (duplex/flat),NUMBLDGS = 0 (assessor records no buildings on this parcel),CHECK: not flagged vacant and/or improvement value > 0,1219 Bayard Avenue; 4926 Page Boulevard
37689050000,4926 Page Boulevard,13770000230,443.0,4868-70 PAGE BLVD,63113,0,0,6911,N,0,Church / religious,NUMBLDGS = 0 (assessor records no buildings on this parcel),CHECK: not flagged vacant and/or improvement value > 0,1219 Bayard Avenue; 1336 N Euclid Avenue; 4926 Page Boulevard
37689050000,4926 Page Boulevard,13770000240,473.0,4864 PAGE BLVD,63113,0,0,5000,N,0,"Commercial/retail, general",NUMBLDGS = 0 (assessor records no buildings on this parcel),CHECK: not flagged vacant and/or improvement value > 0,1219 Bayard Avenue; 1336 N Euclid Avenue; 4926 Page Boulevard
37689050000,4926 Page Boulevard,13767000110,489.9,1216 N KINGSHIGHWAY BLVD,63113,0,0,5000,N,5900,"Commercial/retail, general",NUMBLDGS = 0 (assessor records no buildings on this parcel),CHECK: not flagged vacant and/or improvement value > 0,4926 Page Boulevard
37689050000,4926 Page Boulevard,13785000370,498.4,4861-3 PAGE BLVD,63113,0,0,6610,N,0,Code 6610 (not in dictionary),NUMBLDGS = 0 (assessor records no buildings on this parcel),CHECK: not flagged vacant and/or improvement value > 0,1336 N Euclid Avenue; 4926 Page Boulevard
37709390000,1219 Bayard Avenue,13770000430,82.5,1209-11 BAYARD AV,63113,0,0,1120,N,0,Two-family (duplex/flat),NUMBLDGS = 0 (assessor records no buildings on this parcel),CHECK: not flagged vacant and/or improvement value > 0,1151 Walton Avenue; 1219 Bayard Avenue
37709390000,1219 Bayard Avenue,13770000480,215.0,1159 BAYARD AV,63113,0,0,6800,Y,400,School / educational,NUMBLDGS = 0 (assessor records no buildings on this parcel),CHECK: not flagged vacant and/or improvement value > 0,1151 Walton Avenue; 1219 Bayard Avenue
37709390000,1219 Bayard Avenue,13770000490,240.0,1157 BAYARD AV,63113,0,0,6800,Y,500,School / educational,NUMBLDGS = 0 (assessor records no buildings on this parcel),CHECK: not flagged vacant and/or improvement value > 0,1151 Walton Avenue; 1219 Bayard Avenue
37709390000,1219 Bayard Avenue,13770000010,266.0,1130-46 N EUCLID AV,63113,0,0,6800,N,506300,School / educational,NUMBLDGS = 0 (assessor records no buildings on this parcel),CHECK: not flagged vacant and/or improvement value > 0,1151 Walton Avenue; 1219 Bayard Avenue
37709390000,1219 Bayard Avenue,13770000500,289.2,1149 BAYARD AV,63113,0,0,6800,Y,4700,School / educational,NUMBLDGS = 0 (assessor records no buildings on this parcel),CHECK: not flagged vacant and/or improvement value > 0,1151 Walton Avenue; 1219 Bayard Avenue
37709390000,1219 Bayard Avenue,13770000290,338.7,4844-8 PAGE BLVD,63113,0,0,5000,N,500,"Commercial/retail, general",NUMBLDGS = 0 (assessor records no buildings on this parcel),CHECK: not flagged vacant and/or improvement value > 0,1219 Bayard Avenue
37709390000,1219 Bayard Avenue,13769000430,408.6,1145 N EUCLID AV,63113,0,0,5000,Y,500,"Commercial/retail, general",NUMBLDGS = 0 (assessor records no buildings on this parcel),CHECK: not flagged vacant and/or improvement value > 0,1219 Bayard Avenue
37709390000,1219 Bayard Avenue,13771000270,422.5,4806-8 PAGE BLVD,63113,0,0,6231,Y,500,Personal services business (?),NUMBLDGS = 0 (assessor records no buildings on this parcel),CHECK: not flagged vacant and/or improvement value > 0,1219 Bayard Avenue
37709390000,1219 Bayard Avenue,13769000440,431.5,1141 N EUCLID AV,63113,0,0,6800,Y,500,School / educational,NUMBLDGS = 0 (assessor records no buildings on this parcel),CHECK: not flagged vacant and/or improvement value > 0,1219 Bayard Avenue
37709390000,1219 Bayard Avenue,13769000450,455.3,1131 N EUCLID AV,63113,0,0,6800,N,51800,School / educational,NUMBLDGS = 0 (assessor records no buildings on this parcel),CHECK: not flagged vacant and/or improvement value > 0,1219 Bayard Avenue
37709390000,1219 Bayard Avenue,13771000275,457.0,4800 PAGE BLVD,63113,0,0,5000,N,200,"Commercial/retail, general",NUMBLDGS = 0 (assessor records no buildings on this parcel),CHECK: not flagged vacant and/or improvement value > 0,1219 Bayard Avenue
37749345000,4599 Page Boulevard,14553050010,122.6,1220 REV GEORGE H PRUITT PL,63113,0,0,6911,N,0,Church / religious,NUMBLDGS = 0 (assessor records no buildings on this parcel),CHECK: not flagged vacant and/or improvement value > 0,4599 Page Boulevard
37749345000,4599 Page Boulevard,13775030460,253.1,4599 EVANS AV,63113,0,0,1110,Y,190,Single-family residence,NUMBLDGS = 0 (assessor records no buildings on this parcel),CHECK: not flagged vacant and/or improvement value > 0,4599 Page Boulevard
37749345000,4599 Page Boulevard,14553050020,269.2,4568 PAGE BLVD,63113,0,0,6911,N,0,Church / religious,NUMBLDGS = 0 (assessor records no buildings on this parcel),CHECK: not flagged vacant and/or improvement value > 0,4599 Page Boulevard
37749345000,4599 Page Boulevard,13772000240,325.9,4632 VERNON AV,63113,0,0,1120,Y,440,Two-family (duplex/flat),NUMBLDGS = 0 (assessor records no buildings on this parcel),CHECK: not flagged vacant and/or improvement value > 0,4599 Page Boulevard
37749345000,4599 Page Boulevard,13774040012,351.5,4632-70 EVANS AV,63113,0,0,5000,N,7700,"Commercial/retail, general",NUMBLDGS = 0 (assessor records no buildings on this parcel),CHECK: not flagged vacant and/or improvement value > 0,4599 Page Boulevard
37749345000,4599 Page Boulevard,13772000220,370.0,4636 VERNON AV,63113,0,0,1110,Y,820,Single-family residence,NUMBLDGS = 0 (assessor records no buildings on this parcel),CHECK: not flagged vacant and/or improvement value > 0,4599 Page Boulevard
37749345000,4599 Page Boulevard,13774040205,415.4,4641-75 PAGE BLVD,63113,0,0,5000,Y,238800,"Commercial/retail, general",NUMBLDGS = 0 (assessor records no buildings on this parcel),CHECK: not flagged vacant and/or improvement value > 0,4599 Page Boulevard
37749345000,4599 Page Boulevard,13775030300,484.8,1421-3 DEER ST,63113,0,0,6721,N,700,Code 6721 (not in dictionary),NUMBLDGS = 0 (assessor records no buildings on this parcel),CHECK: not flagged vacant and/or improvement value > 0,4599 Page Boulevard
37859050000,1336 N Euclid Avenue,13785000120,229.5,1414 N EUCLID AV,63113,0,0,1120,Y,1390,Two-family (duplex/flat),NUMBLDGS = 0 (assessor records no buildings on this parcel),CHECK: not flagged vacant and/or improvement value > 0,1336 N Euclid Avenue
37859050000,1336 N Euclid Avenue,13786000090,288.9,4900-6 DR MARTIN LUTHER KING DR,63113,0,0,5530,N,0,Code 5530 (not in dictionary),NUMBLDGS = 0 (assessor records no buildings on this parcel),CHECK: not flagged vacant and/or improvement value > 0,1336 N Euclid Avenue
37859050000,1336 N Euclid Avenue,13783000101,464.2,4877-9 DR MARTIN LUTHER KING DR,63113,0,0,5000,N,0,"Commercial/retail, general",NUMBLDGS = 0 (assessor records no buildings on this parcel),CHECK: not flagged vacant and/or improvement value > 0,1336 N Euclid Avenue
37859050000,1336 N Euclid Avenue,13778000215,479.7,4804-8 DR MARTIN LUTHER KING DR,63113,0,0,5000,N,100,"Commercial/retail, general",NUMBLDGS = 0 (assessor records no buildings on this parcel),CHECK: not flagged vacant and/or improvement value > 0,1336 N Euclid Avenue
44489165000,4519 Lexington Avenue,14448050090,204.2,4540 NATURAL BRIDGE AV,63115,0,0,1110,Y,3010,Single-family residence,NUMBLDGS = 0 (assessor records no buildings on this parcel),CHECK: not flagged vacant and/or improvement value > 0,4519 Lexington Avenue; 4541 Ashland Avenue
44489165000,4519 Lexington Avenue,14448050010,414.7,4562 NATURAL BRIDGE AV,63115,0,0,5000,N,300,"Commercial/retail, general",NUMBLDGS = 0 (assessor records no buildings on this parcel),CHECK: not flagged vacant and/or improvement value > 0,4519 Lexington Avenue
44729270000,4649 N Market Street,14472000300,100.6,2400 MARCUS AV,63113,0,0,5000,N,1980,"Commercial/retail, general",NUMBLDGS = 0 (assessor records no buildings on this parcel),CHECK: not flagged vacant and/or improvement value > 0,1825 Cora Avenue; 4649 N Market Street
48399110000,5052 Cates Avenue,14839000300,0.0,915 N KINGSHIGHWAY BLVD,63108,0,0,4000,Y,4200,Code 4000 (not in dictionary),NUMBLDGS = 0 (assessor records no buildings on this parcel),CHECK: not flagged vacant and/or improvement value > 0,5052 Cates Avenue
48399110000,5052 Cates Avenue,14839000580,300.0,924-6 ACADEMY AV,63108,0,0,5330,N,0,Code 5330 (not in dictionary),NUMBLDGS = 0 (assessor records no buildings on this parcel),CHECK: not flagged vacant and/or improvement value > 0,5052 Cates Avenue
48399110000,5052 Cates Avenue,14838000010,350.8,5078 KENSINGTON AV,63108,0,0,6800,N,55500,School / educational,NUMBLDGS = 0 (assessor records no buildings on this parcel),CHECK: not flagged vacant and/or improvement value > 0,5052 Cates Avenue
48399110000,5052 Cates Avenue,14840000241,455.4,5000-10 CABANNE AV,63113,0,0,6911,N,44300,Church / religious,NUMBLDGS = 0 (assessor records no buildings on this parcel),CHECK: not flagged vacant and/or improvement value > 0,5052 Cates Avenue
48399110000,5052 Cates Avenue,14838000240,498.3,5010 KENSINGTON AV,63108,0,0,5000,Y,2200,"Commercial/retail, general",NUMBLDGS = 0 (assessor records no buildings on this parcel),CHECK: not flagged vacant and/or improvement value > 0,5052 Cates Avenue
48469130000,5206 Kensington Avenue,14842000580,235.4,916-22 CLARENDON AV,63108,0,0,5000,N,0,"Commercial/retail, general",NUMBLDGS = 0 (assessor records no buildings on this parcel),CHECK: not flagged vacant and/or improvement value > 0,5206 Kensington Avenue; 5207 Kensington Avenue
48469130000,5206 Kensington Avenue,14847000020,264.6,5210-2 CATES AV,63108,0,0,6800,Y,200,School / educational,NUMBLDGS = 0 (assessor records no buildings on this parcel),CHECK: not flagged vacant and/or improvement value > 0,5206 Kensington Avenue; 5207 Kensington Avenue
48469130000,5206 Kensington Avenue,14847000010,266.3,5214-40 CATES AV,63108,0,0,6800,N,516600,School / educational,NUMBLDGS = 0 (assessor records no buildings on this parcel),CHECK: not flagged vacant and/or improvement value > 0,5206 Kensington Avenue; 5207 Kensington Avenue
48469130000,5206 Kensington Avenue,14846000030,304.5,5240 KENSINGTON AV,63108,0,0,6911,N,2800,Church / religious,NUMBLDGS = 0 (assessor records no buildings on this parcel),CHECK: not flagged vacant and/or improvement value > 0,5206 Kensington Avenue; 5207 Kensington Avenue
48469130000,5206 Kensington Avenue,14845000040,312.3,5230 ENRIGHT AV,63108,0,0,5000,N,0,"Commercial/retail, general",NUMBLDGS = 0 (assessor records no buildings on this parcel),CHECK: not flagged vacant and/or improvement value > 0,5206 Kensington Avenue
48469130000,5206 Kensington Avenue,14845000030,332.3,5234-6 ENRIGHT AV,63108,0,0,6700,Y,1000,Code 6700 (not in dictionary),NUMBLDGS = 0 (assessor records no buildings on this parcel),CHECK: not flagged vacant and/or improvement value > 0,5206 Kensington Avenue
48469130000,5206 Kensington Avenue,14847000030,333.3,5208 CATES AV,63108,0,0,4000,Y,1600,Code 4000 (not in dictionary),NUMBLDGS = 0 (assessor records no buildings on this parcel),CHECK: not flagged vacant and/or improvement value > 0,5206 Kensington Avenue; 5207 Kensington Avenue
48469130000,5206 Kensington Avenue,14845000020,368.5,5238-40 ENRIGHT AV,63108,0,0,6300,N,1100,Code 6300 (not in dictionary),NUMBLDGS = 0 (assessor records no buildings on this parcel),CHECK: not flagged vacant and/or improvement value > 0,5206 Kensington Avenue
48469130000,5206 Kensington Avenue,14846000020,379.5,5250 KENSINGTON AV,63108,0,0,6911,N,1800,Church / religious,NUMBLDGS = 0 (assessor records no buildings on this parcel),CHECK: not flagged vacant and/or improvement value > 0,5206 Kensington Avenue; 5207 Kensington Avenue
48469130000,5206 Kensington Avenue,14845000230,396.5,5224R ENRIGHT AV,63108,0,0,5000,N,900,"Commercial/retail, general",NUMBLDGS = 0 (assessor records no buildings on this parcel),CHECK: not flagged vacant and/or improvement value > 0,5206 Kensington Avenue
48469130000,5206 Kensington Avenue,14846000010,429.5,826 UNION BLVD,63108,0,0,5000,N,214800,"Commercial/retail, general",NUMBLDGS = 0 (assessor records no buildings on this parcel),CHECK: not flagged vacant and/or improvement value > 0,5206 Kensington Avenue; 5207 Kensington Avenue
48469130000,5206 Kensington Avenue,14846000380,429.6,5255 ENRIGHT AV,63108,0,0,5000,Y,1000,"Commercial/retail, general",NUMBLDGS = 0 (assessor records no buildings on this parcel),CHECK: not flagged vacant and/or improvement value > 0,5206 Kensington Avenue
48469130000,5206 Kensington Avenue,14845000220,446.8,5234R ENRIGHT AV,63108,0,0,5000,N,300,"Commercial/retail, general",NUMBLDGS = 0 (assessor records no buildings on this parcel),CHECK: not flagged vacant and/or improvement value > 0,5206 Kensington Avenue
48469130000,5206 Kensington Avenue,14844000510,448.8,5189 DELMAR BLVD,63108,0,0,5000,N,0,"Commercial/retail, general",NUMBLDGS = 0 (assessor records no buildings on this parcel),CHECK: not flagged vacant and/or improvement value > 0,5206 Kensington Avenue
48469130000,5206 Kensington Avenue,14844000500,487.5,5169-79 DELMAR BLVD,63108,0,0,5000,N,10900,"Commercial/retail, general",NUMBLDGS = 0 (assessor records no buildings on this parcel),CHECK: not flagged vacant and/or improvement value > 0,5206 Kensington Avenue
48479110000,5207 Kensington Avenue,14848000020,329.8,5217 CATES AV,63108,0,0,4000,Y,1900,Code 4000 (not in dictionary),NUMBLDGS = 0 (assessor records no buildings on this parcel),CHECK: not flagged vacant and/or improvement value > 0,5207 Kensington Avenue
48479110000,5207 Kensington Avenue,14848000150,370.6,5227 CATES AV,63108,0,0,5000,Y,600,"Commercial/retail, general",NUMBLDGS = 0 (assessor records no buildings on this parcel),CHECK: not flagged vacant and/or improvement value > 0,5207 Kensington Avenue
48999058000,4016 Carter Avenue,13396000210,288.8,3950 CARTER AV,63107,0,0,5000,N,0,"Commercial/retail, general",NUMBLDGS = 0 (assessor records no buildings on this parcel),CHECK: not flagged vacant and/or improvement value > 0,4016 Carter Avenue
48999058000,4016 Carter Avenue,13396000200,288.9,3948 CARTER AV,63107,0,0,5000,Y,100,"Commercial/retail, general",NUMBLDGS = 0 (assessor records no buildings on this parcel),CHECK: not flagged vacant and/or improvement value > 0,4016 Carter Avenue
48999058000,4016 Carter Avenue,13397000390,382.0,4303 COLLEGE AV,63107,0,0,1120,Y,1380,Two-family (duplex/flat),NUMBLDGS = 0 (assessor records no buildings on this parcel),CHECK: not flagged vacant and/or improvement value > 0,4016 Carter Avenue
56389420000,1825 Cora Avenue,13720000580,330.6,4589 COTE BRILLIANTE AV,63113,0,0,1120,Y,2000,Two-family (duplex/flat),NUMBLDGS = 0 (assessor records no buildings on this parcel),CHECK: not flagged vacant and/or improvement value > 0,1803 Cora Avenue; 1825 Cora Avenue
56389420000,1825 Cora Avenue,13721000050,492.2,4578-80 COTE BRILLIANTE AV,63113,0,0,1120,Y,1860,Two-family (duplex/flat),NUMBLDGS = 0 (assessor records no buildings on this parcel),CHECK: not flagged vacant and/or improvement value > 0,1803 Cora Avenue; 1825 Cora Avenue
56389490000,1803 Cora Avenue,14476000035,421.0,1527 DICK GREGORY PL,63113,0,0,5000,N,12100,"Commercial/retail, general",NUMBLDGS = 0 (assessor records no buildings on this parcel),CHECK: not flagged vacant and/or improvement value > 0,1803 Cora Avenue
56389490000,1803 Cora Avenue,13723008021,437.2,4594 ALDINE AV,63113,0,0,1114,N,10070,Code 1114 (not in dictionary),NUMBLDGS = 0 (assessor records no buildings on this parcel),CHECK: not flagged vacant and/or improvement value > 0,1803 Cora Avenue
56389490000,1803 Cora Avenue,15638000020,480.6,1514 DICK GREGORY PL,63113,0,0,5000,N,0,"Commercial/retail, general",NUMBLDGS = 0 (assessor records no buildings on this parcel),CHECK: not flagged vacant and/or improvement value > 0,1803 Cora Avenue
